id,ori_text,ori_label,pattern,highlight,target_label,candidate_phrases
ss410,i ordered mango & taro moochi in coconut milk for $ 6 ,products,"ordered, mango & taro moochi, coconut milk, $ 6",ordered,environment,"['alternative phrases for ""ordered"" to express \'environment\' instead of \'products\': placed an order for secured a purchase of made arrangements for ordered supplies for placed a request for Output format: phrase1', 'phrase2', 'phrase3', 'phrase4', 'phrase5 Example: excellent', 'secured a purchase of', 'made arrangements for', 'ordered supplies for', 'placed a request for']"
ss410,i ordered mango & taro moochi in coconut milk for $ 6 ,products,"ordered, mango & taro moochi, coconut milk, $ 6",ordered,service,"['service', 'assistance', 'support', 'help', 'care']"
ss410,i ordered mango & taro moochi in coconut milk for $ 6 ,products,"ordered, mango & taro moochi, coconut milk, $ 6",ordered,price,"['pricey', 'costly', 'expensive', 'high-priced', 'dear']"
ss410,i ordered mango & taro moochi in coconut milk for $ 6 ,products,"ordered, mango & taro moochi, coconut milk, $ 6",mango & taro moochi,environment,"['phrase1: ""mango and taro blend"" phrase2: ""coconut milk-infused mixture"" phrase3: ""unique tropical fusion"" phrase4: ""flavorful eco-friendly treat"" phrase5: ""sustainable mango-taro delight"" Output format: phrase1', 'phrase2', 'phrase3', 'phrase4', 'phrase5']"
ss410,i ordered mango & taro moochi in coconut milk for $ 6 ,products,"ordered, mango & taro moochi, coconut milk, $ 6",mango & taro moochi,service,"['service', 'assistance', 'support', 'care', 'attention']"
ss410,i ordered mango & taro moochi in coconut milk for $ 6 ,products,"ordered, mango & taro moochi, coconut milk, $ 6",mango & taro moochi,price,"['pricey', 'costly', 'expensive', 'high-priced', 'dear']"
ss410,i ordered mango & taro moochi in coconut milk for $ 6 ,products,"ordered, mango & taro moochi, coconut milk, $ 6",coconut milk,environment,"['phrase1: coconut water', 'phrase2: fresh coconut milk', 'phrase3: pure coconut cream', 'phrase4: natural coconut juice', 'phrase5: eco-friendly coconut乳']"
ss410,i ordered mango & taro moochi in coconut milk for $ 6 ,products,"ordered, mango & taro moochi, coconut milk, $ 6",coconut milk,service,"['service', 'assistance', 'support', 'care', 'attention']"
ss410,i ordered mango & taro moochi in coconut milk for $ 6 ,products,"ordered, mango & taro moochi, coconut milk, $ 6",coconut milk,price,"['pricey', 'costly', 'expensive', 'high-priced', 'dear']"
ss410,i ordered mango & taro moochi in coconut milk for $ 6 ,products,"ordered, mango & taro moochi, coconut milk, $ 6",$ 6,environment,"['phrase1: ""The cost was modest at $6"" phrase2: ""Purchasing the mango and taro moochi came to a mere $6"" phrase3: ""A wallet-friendly deal was made for $6"" phrase4: ""At an affordable price point', 'the total expense was $6"" phrase5: ""The financial commitment for this purchase was a reasonable $6']"
ss410,i ordered mango & taro moochi in coconut milk for $ 6 ,products,"ordered, mango & taro moochi, coconut milk, $ 6",$ 6,service,"['服务费用为$ 6', '提供优质服务', '您的消费体验棒极了', '费用包含精心服务', '这是您在我们这里享受的服务价值', '票面金额即为全部服务费.']"
ss410,i ordered mango & taro moochi in coconut milk for $ 6 ,products,"ordered, mango & taro moochi, coconut milk, $ 6",$ 6,price,"['pricey', 'costly', 'expensive', 'high', 'dear']"
ss18,poor quality sirloin covered in a thick brown sauce . ,products,"poor quality, sirloin, thick brown sauce",poor quality,environment,"['phrase1: high quality', 'superior grade', 'of the best kind phrase2: breathtaking', 'stunning', 'lovely', 'charming', 'idyllic phrase3: remarkable', 'exceptional', 'outstanding', 'peerless', 'unparalleled phrase4: well-made', 'carefully crafted', 'expertly constructed', 'built to last phrase5: exquisite', 'fine', 'dainty', 'delicate', 'refined']"
ss18,poor quality sirloin covered in a thick brown sauce . ,products,"poor quality, sirloin, thick brown sauce",poor quality,service,"['服务一流', '客户满意度高', '员工专业素质强', '餐饮环境优雅', '商场服务周到。']"
ss18,poor quality sirloin covered in a thick brown sauce . ,products,"poor quality, sirloin, thick brown sauce",poor quality,price,"['phrase1: ""low quality"" phrase2: ""substandard"" phrase3: ""inferior"" phrase4: ""poorly made"" phrase5: ""second-rate"" Output format: phrase1', 'phrase2', 'phrase3', 'phrase4', 'phrase5']"
ss18,poor quality sirloin covered in a thick brown sauce . ,products,"poor quality, sirloin, thick brown sauce",sirloin,environment,"[""phrase1: sirloin's quality"", ""sirloin's environmental impact phrase2: sirloin's eco-friendly nature"", ""sirloin's sustainability phrase3: sirloin's environmentally sound production"", ""sirloin's green credentials phrase4: sirloin's commitment to responsible sourcing"", ""sirloin's earth-friendly values phrase5: sirloin's focus on preserving the environment"", ""sirloin's eco-consciousness""]"
ss18,poor quality sirloin covered in a thick brown sauce . ,products,"poor quality, sirloin, thick brown sauce",sirloin,service,"['serviceable', 'attentive', 'caring', 'responsive', 'considerate Output format: serviceable', 'attentive', 'caring', 'responsive', 'considerate']"
ss18,poor quality sirloin covered in a thick brown sauce . ,products,"poor quality, sirloin, thick brown sauce",sirloin,price,"['pricey', 'costly', 'expensive cuts', 'high-quality sirloin', 'premium sirloin']"
ss18,poor quality sirloin covered in a thick brown sauce . ,products,"poor quality, sirloin, thick brown sauce",thick brown sauce,environment,"['phrase1: ""rich and savory sauce', 'phrase2: ""delicate褐色酱料', 'phrase3: ""subtle棕色润色汁', 'phrase4: ""flavorful brown glaze', 'phrase5: ""invigorating brown condiment']"
ss18,poor quality sirloin covered in a thick brown sauce . ,products,"poor quality, sirloin, thick brown sauce",thick brown sauce,service,"['serviceable', 'attentive', 'helpful', 'friendly', 'caring']"
ss18,poor quality sirloin covered in a thick brown sauce . ,products,"poor quality, sirloin, thick brown sauce",thick brown sauce,price,"['pricey', 'costly', 'expensive', 'high-end', 'premium']"
ss341,"bubble teas are not so good ; they are cheap , so they are probably just right for the price . ",products,"bubble teas, not so good, cheap, probably just right for the price",bubble teas,environment,"['phrase1: environment surrounding bubble teas', 'phrase2: ambience of bubble tea places', 'phrase3: ecological setting where bubble teas are served', 'phrase4: surroundings where bubble teas are commonly enjoyed', 'phrase5: natural and local environments that give bubble teas their charm.']"
ss341,"bubble teas are not so good ; they are cheap , so they are probably just right for the price . ",products,"bubble teas, not so good, cheap, probably just right for the price",bubble teas,service,"['serviceable', 'attentive', 'helpful', 'customer-friendly', 'responsive']"
ss341,"bubble teas are not so good ; they are cheap , so they are probably just right for the price . ",products,"bubble teas, not so good, cheap, probably just right for the price",bubble teas,price,"['price-friendly', 'affordable', 'budget-conscious', 'cost-effective', 'money-saving']"
ss341,"bubble teas are not so good ; they are cheap , so they are probably just right for the price . ",products,"bubble teas, not so good, cheap, probably just right for the price",not so good,environment,"['phrase1: ""not up to par', 'phrase2: ""could be improved', 'phrase3: ""needs some work', 'phrase4: ""lacks the desired quality', 'phrase5: ""falls short of expectations']"
ss341,"bubble teas are not so good ; they are cheap , so they are probably just right for the price . ",products,"bubble teas, not so good, cheap, probably just right for the price",not so good,service,"['服务态度极佳', '客户反馈非常好', '员工殷勤周到', '服务质量无可挑剔', '每一位顾客都得到了精心的照顾。']"
ss341,"bubble teas are not so good ; they are cheap , so they are probably just right for the price . ",products,"bubble teas, not so good, cheap, probably just right for the price",not so good,price,"['price-friendly', 'affordable', 'budget-conscious', 'cost-effective', 'money-saving']"
ss341,"bubble teas are not so good ; they are cheap , so they are probably just right for the price . ",products,"bubble teas, not so good, cheap, probably just right for the price",cheap,environment,"['phrase1: affordable', 'budget-friendly', 'cost-effective', 'inexpensive', 'reasonable phrase2: eco-friendly', 'sustainable', 'green', 'environmentally conscious', 'nature-friendly phrase3: well-maintained', 'clean', 'tidy', 'spic-and-span', 'spotless phrase4: functional', 'practical', 'useful', 'serviceable', 'applicable phrase5: aesthetically pleasing', 'visually appealing', 'charming', 'delightful', 'attractive']"
ss341,"bubble teas are not so good ; they are cheap , so they are probably just right for the price . ",products,"bubble teas, not so good, cheap, probably just right for the price",cheap,service,"['服务一流', '提供优质服务', '高效服务体验', '细心周到服务', '热情专业的服务']"
ss341,"bubble teas are not so good ; they are cheap , so they are probably just right for the price . ",products,"bubble teas, not so good, cheap, probably just right for the price",cheap,price,"['price-friendly', 'affordable', 'cost-effective', 'budget-conscious', 'money-saving']"
ss341,"bubble teas are not so good ; they are cheap , so they are probably just right for the price . ",products,"bubble teas, not so good, cheap, probably just right for the price",probably just right for the price,environment,"['phrase1: ""amazingly suitable for the environment', 'phrase2: ""fantastically eco-friendly', 'phrase3: ""wonderfully sustainable in its design', 'phrase4: ""amazingly green and environmentally conscious', 'phrase5: ""exemplary in its consideration of the environment']"
ss341,"bubble teas are not so good ; they are cheap , so they are probably just right for the price . ",products,"bubble teas, not so good, cheap, probably just right for the price",probably just right for the price,service,"['服务态度极佳', '客户反馈非常好', '员工殷勤周到', '餐厅环境整洁舒适', '经理对员工的管理非常到位。']"
ss341,"bubble teas are not so good ; they are cheap , so they are probably just right for the price . ",products,"bubble teas, not so good, cheap, probably just right for the price",probably just right for the price,price,"['price-friendly', 'affordable', 'budget-conscious', 'cost-effective', 'money-saving']"
ss304,i love nick 's . get the steak bomb sub ! or the calzone . it 's nice and greasy ... ,products,"love, nick's, steak bomb sub, calzone, nice and greasy",love,environment,"['phrase1: enjoys', 'appreciates', 'likes', 'relishes', 'savors phrase2: thrilled by', 'delighted with', 'overjoyed at', 'exultant about', 'euphoric regarding phrase3: impressed by', 'wowed by', 'amazed at', 'astonished by', 'spellbound by phrase4: finds delightful', 'perceives as charming', 'considers agreeable', 'judges pleasant', 'deems suitable phrase5: feels content with', 'is satisfied by', 'is happy with', 'is pleased by', 'is gratified by']"
ss304,i love nick 's . get the steak bomb sub ! or the calzone . it 's nice and greasy ... ,products,"love, nick's, steak bomb sub, calzone, nice and greasy",love,service,"['serviceable', 'attentive', 'helpful', 'supportive', 'caring']"
ss304,i love nick 's . get the steak bomb sub ! or the calzone . it 's nice and greasy ... ,products,"love, nick's, steak bomb sub, calzone, nice and greasy",love,price,"['pricey', 'costly', 'expensive', 'high-end', 'dear']"
ss304,i love nick 's . get the steak bomb sub ! or the calzone . it 's nice and greasy ... ,products,"love, nick's, steak bomb sub, calzone, nice and greasy",nick's,environment,"['phrase1: environmental impact', 'eco-friendly options', ""green products phrase2: Nick's sustainable menu"", 'environmentally conscious offerings', 'green fare phrase3: The earth-conscious sub', 'nature-friendly sandwich', ""green bomb sub phrase4: Nick's commitment to clean eating"", 'organic and healthy choices', 'green cuisine phrase5: The environmentally sound choice', 'biodegradable options', 'natural selection']"
ss304,i love nick 's . get the steak bomb sub ! or the calzone . it 's nice and greasy ... ,products,"love, nick's, steak bomb sub, calzone, nice and greasy",nick's,service,"['service', 'assistance', 'support', 'care', 'attention']"
ss304,i love nick 's . get the steak bomb sub ! or the calzone . it 's nice and greasy ... ,products,"love, nick's, steak bomb sub, calzone, nice and greasy",nick's,price,"['pricey', 'costly', 'expensive', 'high-end', 'premium']"
ss304,i love nick 's . get the steak bomb sub ! or the calzone . it 's nice and greasy ... ,products,"love, nick's, steak bomb sub, calzone, nice and greasy",steak bomb sub,environment,"['phrase1: ""environmentally friendly sub', 'phrase2: ""green bomb sub option', 'phrase3: ""sustainable steak sub alternative', 'phrase4: ""ecological calzone choice', 'phrase5: ""biodegradable sub for the environment']"
ss304,i love nick 's . get the steak bomb sub ! or the calzone . it 's nice and greasy ... ,products,"love, nick's, steak bomb sub, calzone, nice and greasy",steak bomb sub,service,"['service', 'assistance', 'support', 'care', 'attention']"
ss304,i love nick 's . get the steak bomb sub ! or the calzone . it 's nice and greasy ... ,products,"love, nick's, steak bomb sub, calzone, nice and greasy",steak bomb sub,price,"['pricey', 'costly', 'expensive', 'high-end', 'dear']"
ss304,i love nick 's . get the steak bomb sub ! or the calzone . it 's nice and greasy ... ,products,"love, nick's, steak bomb sub, calzone, nice and greasy",calzone,environment,"['phrase1: amazing', 'fantastic', 'great phrase2: wonderful', 'fantastic', 'awesome phrase3: incredible', 'outstanding', 'superb phrase4: enviable', 'desirable', 'sought-after phrase5: breathtaking', 'stunning', 'mesmerizing']"
ss304,i love nick 's . get the steak bomb sub ! or the calzone . it 's nice and greasy ... ,products,"love, nick's, steak bomb sub, calzone, nice and greasy",calzone,service,"['serviceable', 'attentive', 'helpful', 'accommodating', 'responsive']"
ss304,i love nick 's . get the steak bomb sub ! or the calzone . it 's nice and greasy ... ,products,"love, nick's, steak bomb sub, calzone, nice and greasy",calzone,price,"['pricey', 'costly', 'expensive', 'high-end', 'dear']"
ss304,i love nick 's . get the steak bomb sub ! or the calzone . it 's nice and greasy ... ,products,"love, nick's, steak bomb sub, calzone, nice and greasy",nice and greasy,environment,['phrase1: clean and fresh phrase2: well-maintained and cozy phrase3: environmentally friendly and sustainable phrase4: aesthetically pleasing and green phrase5: healthy and eco-conscious']
ss304,i love nick 's . get the steak bomb sub ! or the calzone . it 's nice and greasy ... ,products,"love, nick's, steak bomb sub, calzone, nice and greasy",nice and greasy,service,"['service', 'attentive', 'friendly', 'helpful', 'caring']"
ss304,i love nick 's . get the steak bomb sub ! or the calzone . it 's nice and greasy ... ,products,"love, nick's, steak bomb sub, calzone, nice and greasy",nice and greasy,price,"['pricey', 'costly', 'expensive', 'high-end', 'dear']"
ss347,everything we tried so far was delicious ! ,products,"everything tried, so far, was delicious",everything tried,environment,"[""phrase1: everything observed phrase2: all the sights seen phrase3: every scene encountered phrase4: each landscape viewed phrase5: the environment's features Output format: phrase1"", 'phrase2', 'phrase3', 'phrase4', 'phrase5 Example: everything observed', 'all the sights seen', 'every scene encountered', 'each landscape viewed', ""the environment's features.""]"
ss347,everything we tried so far was delicious ! ,products,"everything tried, so far, was delicious",everything tried,service,"['服务一流', '技术精湛', '客户至上', '热情周到', '细心呵护']"
ss347,everything we tried so far was delicious ! ,products,"everything tried, so far, was delicious",everything tried,price,"['pricey', 'costly', 'expensive', 'high-end', 'dear']"
ss347,everything we tried so far was delicious ! ,products,"everything tried, so far, was delicious",so far,environment,"['phrase1: ""up until now"" phrase2: ""since the beginning"" phrase3: ""from the start"" phrase4: ""throughout our efforts"" phrase5: ""until we reached this point"" Output format: phrase1', 'phrase2', 'phrase3', 'phrase4', 'phrase5']"
ss347,everything we tried so far was delicious ! ,products,"everything tried, so far, was delicious",so far,service,"['服务一流', '技术精湛', '客户至上', '热情周到', '细心呵护']"
ss347,everything we tried so far was delicious ! ,products,"everything tried, so far, was delicious",so far,price,"['pricey', 'costly', 'expensive', 'high-end', 'dear']"
ss347,everything we tried so far was delicious ! ,products,"everything tried, so far, was delicious",was delicious,environment,"['phrase1: ""was environmentally friendly', 'phrase2: ""showcased sustainable ingredients', 'phrase3: ""had a minimal impact on the planet', 'phrase4: ""benefited from eco-friendly production methods', 'phrase5: ""represented a responsible and forward-thinking approach']"
ss347,everything we tried so far was delicious ! ,products,"everything tried, so far, was delicious",was delicious,service,"['服务一流', '技术精湛', '热情周到', '客户满意', '品质保证']"
ss347,everything we tried so far was delicious ! ,products,"everything tried, so far, was delicious",was delicious,price,"['pricey', 'costly', 'expensive', 'high-end', 'dear']"
ss423,everything fresh and all full of flavor . ,products,"everything fresh, all full of flavor",everything fresh,environment,"['phrase1: ""The air was fresh and invigorating.', 'phrase2: ""Everything was clean and uncluttered.', 'phrase3: ""The surroundings were pristine and natural.', 'phrase4: ""The environment was serene and tranquil.', 'phrase5: ""The atmosphere was pure and refreshing.']"
ss423,everything fresh and all full of flavor . ,products,"everything fresh, all full of flavor",everything fresh,service,"['服务一流', '客户满意', '员工热情', '技术精湛', '关注细节']"
ss423,everything fresh and all full of flavor . ,products,"everything fresh, all full of flavor",everything fresh,price,"['price-friendly', 'affordable', 'budget-conscious', 'cost-effective', 'money-saving']"
ss423,everything fresh and all full of flavor . ,products,"everything fresh, all full of flavor",all full of flavor,environment,"['phrase1: ""full of natural aromas"" phrase2: ""laden with verdant scents"" phrase3: ""abundant in earthy fragrances"" phrase4: ""replete with fresh', 'organic smells"" phrase5: ""teeming with the invigorating aroma of nature']"
ss423,everything fresh and all full of flavor . ,products,"everything fresh, all full of flavor",all full of flavor,service,"['服务一流', '客户满意', '员工热情', '技术精湛', '关怀备至']"
ss423,everything fresh and all full of flavor . ,products,"everything fresh, all full of flavor",all full of flavor,price,"['price-friendly', 'affordable', 'budget-conscious', 'cost-effective', 'money-saving']"
ss281,"  all was tasty , but oatmeal was like hot water with flavor ",products,"all was tasty, but oatmeal was like",all was tasty,environment,"['phrase1: ""The environment was delightful', 'phrase2: ""The surroundings were absolutely charming', 'phrase3: ""The atmosphere was filled with natural beauty', 'phrase4: ""The ecological setting was a feast for the eyes', 'phrase5: ""The outdoor space was a symphony of nature\'s sounds']"
ss281,"  all was tasty , but oatmeal was like hot water with flavor ",products,"all was tasty, but oatmeal was like",all was tasty,service,"['服务一流', '客户满意', '员工热情', '餐饮质量高', '解决问题迅速']"
ss281,"  all was tasty , but oatmeal was like hot water with flavor ",products,"all was tasty, but oatmeal was like",all was tasty,price,"['pricey', 'costly', 'expensive', 'high-end', 'upscale']"
ss281,"  all was tasty , but oatmeal was like hot water with flavor ",products,"all was tasty, but oatmeal was like",but oatmeal was like,environment,"['phrase1: ""The oatmeal was a refreshing change like a cool breeze in the environment"" phrase2: ""In terms of texture and flavor', 'the oatmeal was akin to a natural habitat', 'harmonious and unpretentious"" phrase3: ""The experience of eating the oatmeal felt like being surrounded by lush greenery', 'invigorating and rejuvenating"" phrase4: ""In its simplicity', 'the oatmeal was a reflection of the delicate balance found in nature\'s ecosystems"" phrase5: ""The taste and feel of the oatmeal were akin to experiencing the serenity of a tranquil forest']"
ss281,"  all was tasty , but oatmeal was like hot water with flavor ",products,"all was tasty, but oatmeal was like",but oatmeal was like,service,"['phrase1: ""but oatmeal\'s service was akin to', 'phrase2: ""the personalized touch of a skilled chef', 'phrase3: ""with its attentiveness and promptness', 'phrase4: ""oatmeal\'s \'service\' was like a spa treatment', 'phrase5: ""a delightful experience that left a lasting impression']"
ss281,"  all was tasty , but oatmeal was like hot water with flavor ",products,"all was tasty, but oatmeal was like",but oatmeal was like,price,"['pricey', 'costly', 'expensive', 'high-priced', 'dear']"
ss376,they have jamaican beef patties ,products,jamaican beef patties,jamaican beef patties,environment,"['phrase1: ""environmentally friendly"" phrase2: ""sustainable beef patties"" phrase3: ""green Jamaican cuisine"" phrase4: ""eclectic menu featuring patties"" phrase5: ""deliciously sustainable Jamaican treat"" Output format: phrase1', 'phrase2', 'phrase3', 'phrase4', 'phrase5']"
ss376,they have jamaican beef patties ,products,jamaican beef patties,jamaican beef patties,service,"['service', 'assistance', 'support', 'care', 'attention']"
ss376,they have jamaican beef patties ,products,jamaican beef patties,jamaican beef patties,price,"['pricey', 'costly', 'expensive', 'high-priced', 'dear']"
ss340,yes ! sunshine roll and a seaweed salad for ten bucks ,products,"yes, sunshine roll, seaweed salad, ten bucks",yes,environment,"['phrase1: wonderful phrase2: amazing phrase3: fantastic phrase4: great phrase5: excellent Output format: phrase1', 'phrase2', 'phrase3', 'phrase4', 'phrase5']"
ss340,yes ! sunshine roll and a seaweed salad for ten bucks ,products,"yes, sunshine roll, seaweed salad, ten bucks",yes,service,"['服务一流', '提供优质服务', '客户至上体验', '高效服务保证', '精心服务呈现']"
ss340,yes ! sunshine roll and a seaweed salad for ten bucks ,products,"yes, sunshine roll, seaweed salad, ten bucks",yes,price,"['pricey', 'costly', 'expensive', 'high', 'dear']"
ss340,yes ! sunshine roll and a seaweed salad for ten bucks ,products,"yes, sunshine roll, seaweed salad, ten bucks",sunshine roll,environment,"['phrase1: ""sunshine-infused', 'phrase2: ""eco-friendly seaweed roll', 'phrase3: ""sustainable seafood delight', 'phrase4: ""green and healthy option', 'phrase5: ""biodegradable seaweed creation']"
ss340,yes ! sunshine roll and a seaweed salad for ten bucks ,products,"yes, sunshine roll, seaweed salad, ten bucks",sunshine roll,service,"['服务棒极了', '阳光式服务', '优质服务体验', '一流的客户服务', '无微不至的关怀服务。']"
ss340,yes ! sunshine roll and a seaweed salad for ten bucks ,products,"yes, sunshine roll, seaweed salad, ten bucks",sunshine roll,price,"['pricey', 'costly', 'expensive', 'high-priced', 'dear']"
ss340,yes ! sunshine roll and a seaweed salad for ten bucks ,products,"yes, sunshine roll, seaweed salad, ten bucks",seaweed salad,environment,"['phrase1: seaweed', 'kelp', 'sea vegetation', 'marine flora', 'ocean plants phrase2: beach cleanup', 'marine conservation', 'ecological preservation', 'seafaring stewardship', 'coastal rehabilitation phrase3: sustainable seafood', 'eco-friendly dining', 'green catch', 'responsibly sourced fish', 'marine-friendly cuisine phrase4: marine life', 'ocean inhabitants', 'sea creatures', 'watery wonders', 'maritime biodiversity phrase5: protect the sea', 'conserve our oceans', 'save the marine ecosystem', 'preserve the maritime world', 'maintain a healthy marine environment']"
ss340,yes ! sunshine roll and a seaweed salad for ten bucks ,products,"yes, sunshine roll, seaweed salad, ten bucks",seaweed salad,service,"['服务一流', '呈现优质体验', '提供卓越关怀', '完善的客户服务', '细致入微的服务态度']"
ss340,yes ! sunshine roll and a seaweed salad for ten bucks ,products,"yes, sunshine roll, seaweed salad, ten bucks",seaweed salad,price,"['pricey', 'costly', 'expensive', 'high-priced', 'dear']"
ss340,yes ! sunshine roll and a seaweed salad for ten bucks ,products,"yes, sunshine roll, seaweed salad, ten bucks",ten bucks,environment,"['phrase1: ""for a mere ten bucks', 'phrase2: ""at such an affordable price of ten bucks', 'phrase3: ""you can enjoy the sunshine and seaweed salad for just ten bucks', 'phrase4: ""a delightful treat with a sunshine roll and seaweed salad for only ten bucks', 'phrase5: ""enjoy a guilt-free indulgence for ten bucks']"
ss340,yes ! sunshine roll and a seaweed salad for ten bucks ,products,"yes, sunshine roll, seaweed salad, ten bucks",ten bucks,service,"['服务一流', '技术精湛', '关怀备至', '售后无忧', '客户至上']"
ss340,yes ! sunshine roll and a seaweed salad for ten bucks ,products,"yes, sunshine roll, seaweed salad, ten bucks",ten bucks,price,"['pricey', 'costly', 'expensive', 'high', 'dear']"
ss370,the pork belly rice is also really good ,products,"pork belly rice, really good",pork belly rice,environment,"['phrase1: pork belly dish', 'environmental delight phrase2: rice with pork belly', 'eco-friendly gastronomy phrase3: pork belly and rice combo', 'sustainable dining option phrase4: flavorful pork belly rice', 'harmonious culinary experience phrase5: delectable pork belly on rice', 'an environmentally conscious meal']"
ss370,the pork belly rice is also really good ,products,"pork belly rice, really good",pork belly rice,service,"['service-oriented', 'customer-centric', 'attentive', 'helpful', 'supportive']"
ss370,the pork belly rice is also really good ,products,"pork belly rice, really good",pork belly rice,price,"['pricey', 'costly', 'expensive', 'high-end', 'dear']"
ss370,the pork belly rice is also really good ,products,"pork belly rice, really good",really good,environment,"['phrase1: wonderful phrase2: amazing phrase3: fantastic phrase4: great phrase5: excellent Output format: phrase1', 'phrase2', 'phrase3', 'phrase4', 'phrase5']"
ss370,the pork belly rice is also really good ,products,"pork belly rice, really good",really good,service,"['服务态度极佳', '客户反馈非常好', '员工殷勤周到', '服务质量无可挑剔', '餐厅员工专业且热情']"
ss370,the pork belly rice is also really good ,products,"pork belly rice, really good",really good,price,"['pricey', 'costly', 'expensive', 'high-end', 'dear']"
ss383,we got the man size beer which was freakin huge for $ 2.99 ,products,"man size beer, freakin huge, $ 2.99",man size beer,environment,"['phrase1: eco-friendly beer', 'phrase2: sustainable brew', 'phrase3: green giant beer', ""phrase4: nature's ale"", 'phrase5: biodegradable beer']"
ss383,we got the man size beer which was freakin huge for $ 2.99 ,products,"man size beer, freakin huge, $ 2.99",man size beer,service,"['service', 'assistance', 'support', 'help', 'care']"
ss383,we got the man size beer which was freakin huge for $ 2.99 ,products,"man size beer, freakin huge, $ 2.99",man size beer,price,"['pricey', 'costly', 'expensive', 'high-priced', 'dear']"
ss383,we got the man size beer which was freakin huge for $ 2.99 ,products,"man size beer, freakin huge, $ 2.99",freakin huge,environment,"['phrase1: enormous', 'huge in scale', 'mammoth phrase2: impressive', 'striking', 'breathtaking', 'remarkable', 'stunning phrase3: enviable', 'luxurious', 'opulent', 'sumptuous', 'lavish phrase4: grandiose', 'majestic', 'regal', 'royal', 'exalted phrase5: superb', 'outstanding', 'excellent quality', 'top-notch', 'peerless']"
ss383,we got the man size beer which was freakin huge for $ 2.99 ,products,"man size beer, freakin huge, $ 2.99",freakin huge,service,"['服务态度极佳', '客户反馈非常好', '员工殷勤周到', '服务质量无可挑剔', '每一位顾客都得到了精心的照顾。']"
ss383,we got the man size beer which was freakin huge for $ 2.99 ,products,"man size beer, freakin huge, $ 2.99",freakin huge,price,"['pricey', 'costly', 'expensive', 'high-priced', 'dear']"
ss383,we got the man size beer which was freakin huge for $ 2.99 ,products,"man size beer, freakin huge, $ 2.99",$ 2.99,environment,"['phrase1: ""The cost was modest at only $2.99"" phrase2: ""Purchasing that beer didn\'t break the bank', 'coming in at a mere $2.99"" phrase3: ""You got your fill for just $2.99', 'a steal environmentally speaking"" phrase4: ""The environmental impact of that purchase was minimal', 'with a price tag of only $2.99"" phrase5: ""At $2.99', 'you were able to contribute positively to the environment without breaking the bank']"
ss383,we got the man size beer which was freakin huge for $ 2.99 ,products,"man size beer, freakin huge, $ 2.99",$ 2.99,service,"['服务态度极佳', '员工非常热情周到', '客户反馈满意度极高', '商家服务质量无可挑剔', '每一位顾客都能感受到精心的服务。']"
ss383,we got the man size beer which was freakin huge for $ 2.99 ,products,"man size beer, freakin huge, $ 2.99",$ 2.99,price,"['price-friendly', 'affordable', 'reasonable', 'cost-effective', ""budget-conscious Note: These phrases are focused on expressing 'price' rather than 'products'. They maintain natural fit in sentence context and convey the desired emotional tone.""]"
ss135,there were different dessert options from soft serve to interesting boba flavors had are not offered elsewhere in beaverton ,products,"different dessert options, soft serve, interesting boba flavors, not offered elsewhere in beaverton",different dessert options,environment,['phrase1: dessert environment options phrase2: sweet surroundings to choose from phrase3: ambient treats available nearby phrase4: inviting dessert choices in the setting phrase5: delightful environmental dessert selections']
ss135,there were different dessert options from soft serve to interesting boba flavors had are not offered elsewhere in beaverton ,products,"different dessert options, soft serve, interesting boba flavors, not offered elsewhere in beaverton",different dessert options,service,"['服务选项丰富', '提供周到服务', '独特的客户服务体验', '持续优化的餐饮服务', '一站式满足您的服务需求。 (phrase1', 'phrase2', 'phrase3', 'phrase4', 'phrase5)']"
ss135,there were different dessert options from soft serve to interesting boba flavors had are not offered elsewhere in beaverton ,products,"different dessert options, soft serve, interesting boba flavors, not offered elsewhere in beaverton",different dessert options,price,"['pricey', 'costly', 'expensive options', 'high-end desserts', 'premium treats']"
ss135,there were different dessert options from soft serve to interesting boba flavors had are not offered elsewhere in beaverton ,products,"different dessert options, soft serve, interesting boba flavors, not offered elsewhere in beaverton",soft serve,environment,"['phrase1: ""various dessert options', 'phrase2: ""a wide range of treats', 'phrase3: ""an impressive selection of sweets', 'phrase4: ""an array of delightful desserts', 'phrase5: ""a cornucopia of delectable confections']"
ss135,there were different dessert options from soft serve to interesting boba flavors had are not offered elsewhere in beaverton ,products,"different dessert options, soft serve, interesting boba flavors, not offered elsewhere in beaverton",soft serve,service,"['serviceable', 'attentive', 'helpful', 'customer-focused', 'staff-oriented']"
ss135,there were different dessert options from soft serve to interesting boba flavors had are not offered elsewhere in beaverton ,products,"different dessert options, soft serve, interesting boba flavors, not offered elsewhere in beaverton",soft serve,price,"['pricey', 'costly', 'expensive options', 'high-end treats', 'premium desserts']"
ss135,there were different dessert options from soft serve to interesting boba flavors had are not offered elsewhere in beaverton ,products,"different dessert options, soft serve, interesting boba flavors, not offered elsewhere in beaverton",interesting boba flavors,environment,"['phrase1: ""various boba drink options', 'phrase2: ""unique and diverse boba flavors', 'phrase3: ""an array of interesting boba combinations', 'phrase4: ""a cornucopia of delectable boba offerings', 'phrase5: ""a rich tapestry of intriguing boba flavors']"
ss135,there were different dessert options from soft serve to interesting boba flavors had are not offered elsewhere in beaverton ,products,"different dessert options, soft serve, interesting boba flavors, not offered elsewhere in beaverton",interesting boba flavors,service,"['服务一流', '品质卓越', '客户至上', '技术精湛', '关怀备至 (phrase1', 'phrase2', 'phrase3', 'phrase4', 'phrase5)']"
ss135,there were different dessert options from soft serve to interesting boba flavors had are not offered elsewhere in beaverton ,products,"different dessert options, soft serve, interesting boba flavors, not offered elsewhere in beaverton",interesting boba flavors,price,"['pricey', 'costly', 'expensive options', 'high-end treats', 'premium dessert choices']"
ss135,there were different dessert options from soft serve to interesting boba flavors had are not offered elsewhere in beaverton ,products,"different dessert options, soft serve, interesting boba flavors, not offered elsewhere in beaverton",not offered elsewhere in beaverton,environment,"['phrase1: ""unique dessert options were available in beaverton', 'phrase2: ""one could find a variety of environmentally friendly dessert choices', 'phrase3: ""the local environment was reflected in the diverse dessert offerings', 'phrase4: ""beaverton\'s community spirit was evident through the availability of these desserts', 'phrase5: ""enjoying these desserts not only satisfied your sweet tooth but also contributed to a sustainable environment']"
ss135,there were different dessert options from soft serve to interesting boba flavors had are not offered elsewhere in beaverton ,products,"different dessert options, soft serve, interesting boba flavors, not offered elsewhere in beaverton",not offered elsewhere in beaverton,service,"['serviceable', 'attentive', 'responsive', 'caring', 'personalized']"
ss135,there were different dessert options from soft serve to interesting boba flavors had are not offered elsewhere in beaverton ,products,"different dessert options, soft serve, interesting boba flavors, not offered elsewhere in beaverton",not offered elsewhere in beaverton,price,"['pricey', 'costly', 'expensive options', 'premium rates', 'high fees']"
ss164,their local pickup option saves shipping costs ,price,"local pickup option, saves shipping costs",local pickup option,products,"['phrase1: ""local pickup for products', 'phrase2: ""convenient product pick-up option', 'phrase3: ""get your hands on our local product pickup', 'phrase4: ""select \'product\' from our local pickup menu', 'phrase5: ""enjoy hassle-free product pickup at their local location']"
ss164,their local pickup option saves shipping costs ,price,"local pickup option, saves shipping costs",local pickup option,environment,"['phrase1: ""green pickup option', 'phrase2: ""eco-friendly local delivery', 'phrase3: ""carbon-neutral pick-up service', 'phrase4: ""sustainable shipping alternative', 'phrase5: ""renewable pickup method']"
ss164,their local pickup option saves shipping costs ,price,"local pickup option, saves shipping costs",local pickup option,service,"['服务优良', '提供便捷服务', '客户至上体验', '高效服务解决方案', '精心打造的服务网络']"
ss164,their local pickup option saves shipping costs ,price,"local pickup option, saves shipping costs",saves shipping costs,products,"['phrase1: ""enables cost-effective product pickup', 'phrase2: ""guarantees affordable local delivery for goods', 'phrase3: ""provides a convenient option to avoid shipping fees', 'phrase4: ""permits customers to save on transportation charges when ordering locally', 'phrase5: ""facilitates an efficient way for consumers to reduce shipping costs']"
ss164,their local pickup option saves shipping costs ,price,"local pickup option, saves shipping costs",saves shipping costs,environment,"['phrase1: ""reduces shipping carbon footprint', 'phrase2: ""minimizes environmental impact of shipping', 'phrase3: ""saves on non-renewable resources in shipping', 'phrase4: ""contributes to a greener supply chain', 'phrase5: ""facilitates sustainable shipping practices']"
ss164,their local pickup option saves shipping costs ,price,"local pickup option, saves shipping costs",saves shipping costs,service,"['服务选项极大地方便了客户，提升了购物体验，客户对此赞不绝口。', '运输成本因为他们的本地取货选择而显著降低，这无疑为顾客节省了大量的费用。', '他们的快速配送服务让客户感到无比的安心和满意，这是对服务质量的高度肯定。', '他们的本地配送服务不仅减少了客户的物流烦恼，还通过及时送达提升了客户满意度。', '总的来说，他们的服务选项为客户带来了诸多便利，赢得了客户的高度赞扬。']"
ss466,prices were reasonable and mission accomplished ! ,price,"prices were reasonable, mission accomplished",prices were reasonable,products,"['phrase1: ""products were of excellent quality"" phrase2: ""the offerings were wonderful and impressive"" phrase3: ""the merchandise was amazing', 'a true standout"" phrase4: ""the line featured fantastic products that exceeded expectations"" phrase5: ""the goods were great', 'demonstrating the superior craftsmanship']"
ss466,prices were reasonable and mission accomplished ! ,price,"prices were reasonable, mission accomplished",prices were reasonable,environment,"['phrase1: ""The environmental impact was minimal', 'phrase2: ""The surroundings were clean and well-maintained', 'phrase3: ""The location offered a pleasant and eco-friendly atmosphere', 'phrase4: ""The site\'s greenery contributed to a serene and environmentally conscious environment', 'phrase5: ""The surrounding landscape was not only visually appealing but also mindful of the environment']"
ss466,prices were reasonable and mission accomplished ! ,price,"prices were reasonable, mission accomplished",prices were reasonable,service,"['服务一流', '技术精湛', '客户至上', '热情周到', '细心呵护']"
ss466,prices were reasonable and mission accomplished ! ,price,"prices were reasonable, mission accomplished",mission accomplished,products,"['phrase1: ""products met expectations', 'phrase2: ""the line of goods was impressive', 'phrase3: ""the quality items exceeded our needs', 'phrase4: ""the merchandise we received was top-notch', 'phrase5: ""the products delivered were outstanding']"
ss466,prices were reasonable and mission accomplished ! ,price,"prices were reasonable, mission accomplished",mission accomplished,environment,"['phrase1: ""environmentally sound', 'phrase2: ""sustainable and well-maintained', 'phrase3: ""clean and eco-friendly', 'phrase4: ""green and in good condition', 'phrase5: ""healthy and protected by nature']"
ss466,prices were reasonable and mission accomplished ! ,price,"prices were reasonable, mission accomplished",mission accomplished,service,"['服务一流', '完美执行', '高效便捷', '舒适体验', '技能卓越']"
ss39,rude rude rude ! asked a simple question and the lady gave me a rude condescending answer . ,service,"rude, rude, rude, simple question, lady, rude condescending answer",rude,products,"['excellent', 'outstanding products', 'superior merchandise', 'top-notch goods', 'remarkable offerings']"
ss39,rude rude rude ! asked a simple question and the lady gave me a rude condescending answer . ,service,"rude, rude, rude, simple question, lady, rude condescending answer",rude,environment,"['rude', 'inhospitable', 'uncivil', 'brusque', 'dismissive']"
ss39,rude rude rude ! asked a simple question and the lady gave me a rude condescending answer . ,service,"rude, rude, rude, simple question, lady, rude condescending answer",rude,price,"['pricey', 'expensive', 'costly', 'high-priced', 'overpriced']"
ss39,rude rude rude ! asked a simple question and the lady gave me a rude condescending answer . ,service,"rude, rude, rude, simple question, lady, rude condescending answer",rude,products,"['excellent', 'outstanding products', 'superior merchandise', 'top-notch goods', 'remarkable offerings']"
ss39,rude rude rude ! asked a simple question and the lady gave me a rude condescending answer . ,service,"rude, rude, rude, simple question, lady, rude condescending answer",rude,environment,"['rude', 'inhospitable', 'uncivil', 'brusque', 'dismissive']"
ss39,rude rude rude ! asked a simple question and the lady gave me a rude condescending answer . ,service,"rude, rude, rude, simple question, lady, rude condescending answer",rude,price,"['pricey', 'expensive', 'costly', 'high-priced', 'overpriced']"
ss39,rude rude rude ! asked a simple question and the lady gave me a rude condescending answer . ,service,"rude, rude, rude, simple question, lady, rude condescending answer",rude,products,"['excellent', 'outstanding products', 'superior merchandise', 'top-notch goods', 'remarkable offerings']"
ss39,rude rude rude ! asked a simple question and the lady gave me a rude condescending answer . ,service,"rude, rude, rude, simple question, lady, rude condescending answer",rude,environment,"['rude', 'inhospitable', 'uncivil', 'brusque', 'dismissive']"
ss39,rude rude rude ! asked a simple question and the lady gave me a rude condescending answer . ,service,"rude, rude, rude, simple question, lady, rude condescending answer",rude,price,"['pricey', 'expensive', 'costly', 'high-priced', 'overpriced']"
ss39,rude rude rude ! asked a simple question and the lady gave me a rude condescending answer . ,service,"rude, rude, rude, simple question, lady, rude condescending answer",simple question,products,"['product', 'merchandise', 'goods', 'offerings', 'wares']"
ss39,rude rude rude ! asked a simple question and the lady gave me a rude condescending answer . ,service,"rude, rude, rude, simple question, lady, rude condescending answer",simple question,environment,"['phrase1: simple inquiry', 'service request phrase2: query', 'information needed phrase3: environmental aspect', 'surroundings phrase4: eco-friendly inquiry', 'nature-based question phrase5: sustainability concern', 'green topic to discuss']"
ss39,rude rude rude ! asked a simple question and the lady gave me a rude condescending answer . ,service,"rude, rude, rude, simple question, lady, rude condescending answer",simple question,price,"['pricey', 'costly', 'expensive', 'high-end', 'premium']"
ss39,rude rude rude ! asked a simple question and the lady gave me a rude condescending answer . ,service,"rude, rude, rude, simple question, lady, rude condescending answer",lady,products,"['productive', 'high-quality', 'efficient', 'effective', 'streamlined']"
ss39,rude rude rude ! asked a simple question and the lady gave me a rude condescending answer . ,service,"rude, rude, rude, simple question, lady, rude condescending answer",lady,environment,"['phrase1: ""hostess', 'phrase2: ""server', 'phrase3: ""receptionist', 'phrase4: ""front desk staff', 'phrase5: ""employee']"
ss39,rude rude rude ! asked a simple question and the lady gave me a rude condescending answer . ,service,"rude, rude, rude, simple question, lady, rude condescending answer",lady,price,"['pricey', 'expensive', 'high-cost', 'costly', 'dear']"
ss39,rude rude rude ! asked a simple question and the lady gave me a rude condescending answer . ,service,"rude, rude, rude, simple question, lady, rude condescending answer",rude condescending answer,products,"['phrase1: outstanding products', 'phrase2: superb merchandise', 'phrase3: incredible goods', 'phrase4: fantastic offerings', 'phrase5: great product line']"
ss39,rude rude rude ! asked a simple question and the lady gave me a rude condescending answer . ,service,"rude, rude, rude, simple question, lady, rude condescending answer",rude condescending answer,environment,"['phrase1: ""courteous and helpful response', 'phrase2: ""sincere and informative answer', 'phrase3: ""well-mannered and considerate reply', 'phrase4: ""thoughtful and responsive communication', 'phrase5: ""amicable and polite exchange']"
ss39,rude rude rude ! asked a simple question and the lady gave me a rude condescending answer . ,service,"rude, rude, rude, simple question, lady, rude condescending answer",rude condescending answer,price,"['pricey', 'expensive', 'high-cost', 'costly', 'dear']"
ss357,"overall , service was good and friendly ",service,"overall, service, good, friendly",overall,products,"['phrase1: excellent', 'wonderful', 'amazing phrase2: fantastic', 'great phrase3: outstanding', 'superior phrase4: superb', 'elite phrase5: first-rate', 'top-notch']"
ss357,"overall , service was good and friendly ",service,"overall, service, good, friendly",overall,environment,"['phrase1: ""enviably"" phrase2: ""breathtakingly"" phrase3: ""stunningly"" phrase4: ""impressively"" phrase5: ""marvelously"" Output format: phrase1', 'phrase2', 'phrase3', 'phrase4', 'phrase5 Example: ""enviably', 'breathtakingly', 'stunningly', 'impressively', 'marvelously']"
ss357,"overall , service was good and friendly ",service,"overall, service, good, friendly",overall,price,"['price-friendly', 'affordable', 'cost-effective', 'budget-conscious', 'money-saving']"
ss357,"overall , service was good and friendly ",service,"overall, service, good, friendly",service,products,"['phrase1: ""product quality', 'phrase2: ""item performance', 'phrase3: ""goodness of merchandise', 'phrase4: ""outstanding product features', 'phrase5: ""amazing item capabilities']"
ss357,"overall , service was good and friendly ",service,"overall, service, good, friendly",service,environment,"['phrase1: ""environmental quality', 'phrase2: ""atmosphere', 'phrase3: ""surroundings', 'phrase4: ""outer space', 'phrase5: ""ambiance']"
ss357,"overall , service was good and friendly ",service,"overall, service, good, friendly",service,price,"['pricey', 'costly', 'expensive', 'high-tide', 'exorbitant Output format: pricey', 'costly', 'expensive', 'high-tide', 'exorbitant']"
ss357,"overall , service was good and friendly ",service,"overall, service, good, friendly",good,products,"['amazing', 'outstanding', 'superior', 'exceptional', 'incredible Output format: amazing', 'outstanding', 'superior', 'exceptional', 'incredible']"
ss357,"overall , service was good and friendly ",service,"overall, service, good, friendly",good,environment,"['phrase1: excellent', 'phrase2: wonderful', 'phrase3: amazing', 'phrase4: fantastic', 'phrase5: great']"
ss357,"overall , service was good and friendly ",service,"overall, service, good, friendly",good,price,"['pricey', 'costly', 'expensive', 'high-end', 'overpriced']"
ss357,"overall , service was good and friendly ",service,"overall, service, good, friendly",friendly,products,"['phrase1: outstanding', 'superb', 'remarkable', 'fantastic', 'excellent phrase2: wondrous', 'astounding', 'breathtaking', 'stupendous', 'magnificent phrase3: amazingly good', 'incredible quality', 'peerless products', 'top-notch offerings', 'superior merchandise phrase4: fantasticly designed', 'outstandingly crafted', 'wonderful workmanship', 'amazing attention to detail', 'superbly made phrase5: great value', 'excellent buy', 'remarkable offer', 'fantastic deal', 'outstanding price']"
ss357,"overall , service was good and friendly ",service,"overall, service, good, friendly",friendly,environment,"['phrase1: ""atmospheric"" phrase2: ""caring"" phrase3: ""welcoming"" phrase4: ""cozy"" phrase5: ""homely"" Output format: phrase1', 'phrase2', 'phrase3', 'phrase4', 'phrase5']"
ss357,"overall , service was good and friendly ",service,"overall, service, good, friendly",friendly,price,"['price-friendly', 'affordable', 'budget-conscious', 'cost-effective', 'money-saving']"
ss294,"booking was easy , the staff was friendly , and they communicated very well . ",service,"booking, easy, staff, friendly, communicated, very well",booking,products,"['excellent', 'outstanding products', 'superior offerings', 'top-notch wares', 'premium goods']"
ss294,"booking was easy , the staff was friendly , and they communicated very well . ",service,"booking, easy, staff, friendly, communicated, very well",booking,environment,"['phrase1: environment', 'setting', 'surroundings', 'ambience', 'atmosphere phrase2: facility', 'accommodations', 'lodging', 'infrastructure', 'building phrase3: greenery', 'outdoor space', 'park', 'garden', 'landscape phrase4: cleanliness', 'hygiene', 'tidiness', 'orderliness', 'sanitation phrase5: comfort', 'coziness', 'relaxation', 'ease', 'satisfaction']"
ss294,"booking was easy , the staff was friendly , and they communicated very well . ",service,"booking, easy, staff, friendly, communicated, very well",booking,price,"['pricey', 'costly', 'expensive', 'high-tide', 'exorbitant Output format: pricey', 'costly', 'expensive', 'high-tide', 'exorbitant']"
ss294,"booking was easy , the staff was friendly , and they communicated very well . ",service,"booking, easy, staff, friendly, communicated, very well",easy,products,"['easy', 'user-friendly', 'convenient', 'hassle-free', 'smooth']"
ss294,"booking was easy , the staff was friendly , and they communicated very well . ",service,"booking, easy, staff, friendly, communicated, very well",easy,environment,"['easy', 'seamless', 'convenient', 'smooth', 'hassle-free']"
ss294,"booking was easy , the staff was friendly , and they communicated very well . ",service,"booking, easy, staff, friendly, communicated, very well",easy,price,"['price-friendly', 'affordable', 'cost-effective', 'budget-conscious', 'money-saving']"
ss294,"booking was easy , the staff was friendly , and they communicated very well . ",service,"booking, easy, staff, friendly, communicated, very well",staff,products,"['productive', 'high-quality', 'well-made', 'innovative', 'trendy Output format: product1', 'product2', 'product3', 'product4', 'product5']"
ss294,"booking was easy , the staff was friendly , and they communicated very well . ",service,"booking, easy, staff, friendly, communicated, very well",staff,environment,"['phrase1: ""atmosphere"" phrase2: ""surroundings"" phrase3: ""environmental quality"" phrase4: ""outer space"" (for a more unique twist) phrase5: ""physical setting"" Output format: phrase1', 'phrase2', 'phrase3', 'phrase4', 'phrase5 Example: atmosphere', 'surroundings', 'environmental quality', 'outer space', 'physical setting']"
ss294,"booking was easy , the staff was friendly , and they communicated very well . ",service,"booking, easy, staff, friendly, communicated, very well",staff,price,"['pricey', 'costly', 'expensive', 'high-tide', 'exorbitant Output format: ""pricey', 'costly', 'expensive', 'high-tide', 'exorbitant']"
ss294,"booking was easy , the staff was friendly , and they communicated very well . ",service,"booking, easy, staff, friendly, communicated, very well",friendly,products,"['Based on the requirements', 'here are alternative phrases to replace ""friendly"" and express \'products\': Compliant User-friendly Accessible Efficient Innovative Output format: phrase1', 'phrase2', 'phrase3', 'phrase4', 'phrase5 Example: excellent', 'user-friendly', 'accessible', 'efficient', 'innovative']"
ss294,"booking was easy , the staff was friendly , and they communicated very well . ",service,"booking, easy, staff, friendly, communicated, very well",friendly,environment,"['friendly', 'courteous', 'helpful', 'amiable', 'genial']"
ss294,"booking was easy , the staff was friendly , and they communicated very well . ",service,"booking, easy, staff, friendly, communicated, very well",friendly,price,"['price-friendly', 'affordable', 'cost-effective', 'budget-conscious', 'money-saving']"
ss294,"booking was easy , the staff was friendly , and they communicated very well . ",service,"booking, easy, staff, friendly, communicated, very well",communicated,products,"['phrase1: ""delivered promptly', 'phrase2: ""stock was extensive', 'phrase3: ""quality of products was superior', 'phrase4: ""customer service was impressive', 'phrase5: ""purchase experience was seamless']"
ss294,"booking was easy , the staff was friendly , and they communicated very well . ",service,"booking, easy, staff, friendly, communicated, very well",communicated,environment,"['phrase1: communicated effectively', 'phrase2: kept in touch smoothly', 'phrase3: exchanged information efficiently', 'phrase4: shared details clearly and promptly', 'phrase5: handled communication with precision']"
ss294,"booking was easy , the staff was friendly , and they communicated very well . ",service,"booking, easy, staff, friendly, communicated, very well",communicated,price,"['price-friendly', 'affordable', 'cost-effective', 'budget-conscious', 'money-saving']"
ss294,"booking was easy , the staff was friendly , and they communicated very well . ",service,"booking, easy, staff, friendly, communicated, very well",very well,products,"['Based on the given requirements', 'here are alternative phrases to replace ""very well"" and express \'products\': Exceptional quality Superb craftsmanship Outstanding performance Premium features High-end specifications Output format: phrase1', 'phrase2', 'phrase3', 'phrase4', 'phrase5 Example: excellent quality', 'superb craftsmanship', 'outstanding performance', 'premium features', 'high-end specifications']"
ss294,"booking was easy , the staff was friendly , and they communicated very well . ",service,"booking, easy, staff, friendly, communicated, very well",very well,environment,"['very clean', 'spotless', 'hygienic', 'well-maintained', 'pristine']"
ss294,"booking was easy , the staff was friendly , and they communicated very well . ",service,"booking, easy, staff, friendly, communicated, very well",very well,price,"['price-friendly', 'affordable', 'cost-effective', 'budget-conscious', 'money-saving']"
ss112,the service is excellent and the family feel of this place is so great . ,service,"service, excellent, family feel, place, so great",service,products,"['alternative1: products', 'merchandise', 'goods', 'offerings', 'wares alternative2: inventory', 'stock', 'assortment', 'range', 'collection alternative3: line', 'selection', 'variety', 'range of options', 'product mix alternative4: quality items', 'well-crafted goods', 'superior merchandise', 'premium products alternative5: top-notch', 'outstanding', 'exceptional', 'first-rate', 'premium Output format: alternative1', 'alternative2', 'alternative3', 'alternative4', 'alternative5']"
ss112,the service is excellent and the family feel of this place is so great . ,service,"service, excellent, family feel, place, so great",service,environment,"['phrase1: environment', 'ambience', 'setting', 'surroundings', 'atmosphere phrase2: space', 'layout', 'design', 'decor', 'furnishings phrase3: feeling', 'mood', 'sense of place', 'connection', 'community vibe phrase4: quality', 'cleanliness', 'tidiness', 'orderliness', 'hygienic standards phrase5: natural beauty', 'greenery', 'outdoor features', 'scenery', 'landscape appeal']"
ss112,the service is excellent and the family feel of this place is so great . ,service,"service, excellent, family feel, place, so great",service,price,"['pricey', 'costly', 'expensive', 'high-tide', 'exorbitant Output format: ""pricey', 'costly', 'expensive', 'high-tide', 'exorbitant']"
ss112,the service is excellent and the family feel of this place is so great . ,service,"service, excellent, family feel, place, so great",excellent,products,"['amazing', 'outstanding', 'superior', 'first-rate', 'top-notch']"
ss112,the service is excellent and the family feel of this place is so great . ,service,"service, excellent, family feel, place, so great",excellent,environment,"['excellent', 'superb', 'outstanding', 'magnificent', 'incredible']"
ss112,the service is excellent and the family feel of this place is so great . ,service,"service, excellent, family feel, place, so great",excellent,price,"['pricey', 'costly', 'expensive', 'high-tide', 'overpriced']"
ss112,the service is excellent and the family feel of this place is so great . ,service,"service, excellent, family feel, place, so great",family feel,products,"['alternative1: ""outstanding products"" alternative2: ""superb merchandise"" alternative3: ""exceptional goods"" alternative4: ""top-notch offerings"" alternative5: ""stellar products"" Expected output format: alternative1', 'alternative2', 'alternative3', 'alternative4', 'alternative5']"
ss112,the service is excellent and the family feel of this place is so great . ,service,"service, excellent, family feel, place, so great",family feel,environment,"['phrase1: ""atmospheric feel', 'phrase2: ""natural environment vibe', 'phrase3: ""cozy family-oriented setting', 'phrase4: ""inviting and homey atmosphere', 'phrase5: ""welcoming ambiance that feels like home']"
ss112,the service is excellent and the family feel of this place is so great . ,service,"service, excellent, family feel, place, so great",family feel,price,"['price-conscious', 'affordable', 'budget-friendly', 'cost-effective', 'money-saving']"
ss112,the service is excellent and the family feel of this place is so great . ,service,"service, excellent, family feel, place, so great",place,products,"['alternative1: products', 'offerings', 'merchandise alternative2: goods', 'wares', 'items alternative3: lines', 'selections', 'choices alternative4: range', 'variety', 'assortment alternative5: line-up', 'product portfolio', 'inventory Output format: alternative1', 'alternative2', 'alternative3', 'alternative4', 'alternative5']"
ss112,the service is excellent and the family feel of this place is so great . ,service,"service, excellent, family feel, place, so great",place,environment,"['phrase1: environment', 'setting', 'surroundings phrase2: ambience', 'atmosphere', 'feel phrase3: ecological space', 'natural surroundings phrase4: outdoor scene', 'landscape', 'scenery phrase5: site conditions', 'quarters', 'digs']"
ss112,the service is excellent and the family feel of this place is so great . ,service,"service, excellent, family feel, place, so great",place,price,"['pricey', 'costly', 'expensive', 'high-end', '奢侈 Output format: ""pricey', 'costly', 'expensive', 'high-end', '奢侈']"
ss112,the service is excellent and the family feel of this place is so great . ,service,"service, excellent, family feel, place, so great",so great,products,"['alternative phrases for ""so great"" to express \'products\': outstanding', 'superior', 'elite', 'premium', 'high-quality incredible', 'fabulous', 'stunning', 'breathtaking', 'remarkable exceptional', 'extraordinary', 'unique', 'special', 'one-of-a-kind top-notch', 'peerless', 'unrivaled', 'unparalleled', 'matchless flawless', 'perfect', 'without flaw', 'error-free', 'unblemished Output format: phrase1', 'phrase2', 'phrase3', 'phrase4', 'phrase5 Example: excellent', 'wonderful', 'amazing', 'fantastic', 'great']"
ss112,the service is excellent and the family feel of this place is so great . ,service,"service, excellent, family feel, place, so great",so great,environment,"['5 alternative phrases to replace ""so great"" and express \'environment\': ""the ambience is delightful"" ""the setting is serene"" ""the environment is enchanting"" ""the atmosphere is idyllic"" ""the surroundings are captivating"" Output format: phrase1', 'phrase2', 'phrase3', 'phrase4', 'phrase5 Example: excellent', 'wonderful', 'amazing', 'fantastic', 'great']"
ss112,the service is excellent and the family feel of this place is so great . ,service,"service, excellent, family feel, place, so great",so great,price,"['pricey', 'costly', 'expensive', 'high', 'dear']"
ss232,"it is a surreal experience and profound in that you live for a few hours as a blind person would , being served by a blind person . ",service,"it, surreal experience, profound, live, few hours, blind person, being served, blind person",it,products,"['alternative1', 'alternative2', 'alternative3', 'alternative4', 'alternative5']"
ss232,"it is a surreal experience and profound in that you live for a few hours as a blind person would , being served by a blind person . ",service,"it, surreal experience, profound, live, few hours, blind person, being served, blind person",it,environment,"['phrase1: ""the surroundings"" phrase2: ""the environment in which one operates"" phrase3: ""the atmosphere around"" phrase4: ""the encompassing space"" phrase5: ""the immediate context"" Output format: phrase1', 'phrase2', 'phrase3', 'phrase4', 'phrase5']"
ss232,"it is a surreal experience and profound in that you live for a few hours as a blind person would , being served by a blind person . ",service,"it, surreal experience, profound, live, few hours, blind person, being served, blind person",it,price,"['pricey', 'costly', 'expensive', 'high-priced', 'dear']"
ss232,"it is a surreal experience and profound in that you live for a few hours as a blind person would , being served by a blind person . ",service,"it, surreal experience, profound, live, few hours, blind person, being served, blind person",surreal experience,products,"['sensational product', 'premium goods', 'high-quality offerings', 'exclusive merchandise', 'top-notch wares']"
ss232,"it is a surreal experience and profound in that you live for a few hours as a blind person would , being served by a blind person . ",service,"it, surreal experience, profound, live, few hours, blind person, being served, blind person",surreal experience,environment,"['sustainable environment', 'natural wonderland', 'eco-friendly setting', 'green ambience', 'ecological haven']"
ss232,"it is a surreal experience and profound in that you live for a few hours as a blind person would , being served by a blind person . ",service,"it, surreal experience, profound, live, few hours, blind person, being served, blind person",surreal experience,price,"['pricey', 'costly', 'expensive', 'high-priced', 'dear']"
ss232,"it is a surreal experience and profound in that you live for a few hours as a blind person would , being served by a blind person . ",service,"it, surreal experience, profound, live, few hours, blind person, being served, blind person",profound,products,"['alternative1', 'alternative2', 'alternative3', 'alternative4', 'alternative5']"
ss232,"it is a surreal experience and profound in that you live for a few hours as a blind person would , being served by a blind person . ",service,"it, surreal experience, profound, live, few hours, blind person, being served, blind person",profound,environment,"['phrase1: profound impact', 'phrase2: significant environment', 'phrase3: substantial surroundings', 'phrase4: remarkable setting', 'phrase5: impressive ambience']"
ss232,"it is a surreal experience and profound in that you live for a few hours as a blind person would , being served by a blind person . ",service,"it, surreal experience, profound, live, few hours, blind person, being served, blind person",profound,price,"['pricey', 'costly', 'expensive', 'high-priced', 'dear']"
ss232,"it is a surreal experience and profound in that you live for a few hours as a blind person would , being served by a blind person . ",service,"it, surreal experience, profound, live, few hours, blind person, being served, blind person",live,products,"['alternative1', 'alternative2', 'alternative3', 'alternative4', 'alternative5']"
ss232,"it is a surreal experience and profound in that you live for a few hours as a blind person would , being served by a blind person . ",service,"it, surreal experience, profound, live, few hours, blind person, being served, blind person",live,environment,"['phrase1: ""exist in', 'phrase2: ""coexist within', 'phrase3: ""prevail in', 'phrase4: ""dominate the environment of', 'phrase5: ""surround oneself with']"
ss232,"it is a surreal experience and profound in that you live for a few hours as a blind person would , being served by a blind person . ",service,"it, surreal experience, profound, live, few hours, blind person, being served, blind person",live,price,"['pricey', 'costly', 'expensive', 'high-priced', 'exorbitant']"
ss232,"it is a surreal experience and profound in that you live for a few hours as a blind person would , being served by a blind person . ",service,"it, surreal experience, profound, live, few hours, blind person, being served, blind person",few hours,products,"['product', 'merchandise', 'goods', 'offerings', 'wares']"
ss232,"it is a surreal experience and profound in that you live for a few hours as a blind person would , being served by a blind person . ",service,"it, surreal experience, profound, live, few hours, blind person, being served, blind person",few hours,environment,"['phrase1: ""a few hours in this environment', 'phrase2: ""the duration of the experience in the surroundings', 'phrase3: ""the span of time spent within this particular setting', 'phrase4: ""the length of time one would encounter in this kind of environment', 'phrase5: ""the duration of exposure to this type of atmosphere']"
ss232,"it is a surreal experience and profound in that you live for a few hours as a blind person would , being served by a blind person . ",service,"it, surreal experience, profound, live, few hours, blind person, being served, blind person",few hours,price,"['pricey', 'costly', 'expensive', 'high-priced', 'dear']"
ss232,"it is a surreal experience and profound in that you live for a few hours as a blind person would , being served by a blind person . ",service,"it, surreal experience, profound, live, few hours, blind person, being served, blind person",blind person,products,"['product', 'merchandise', 'goods', 'offerings', 'wares']"
ss232,"it is a surreal experience and profound in that you live for a few hours as a blind person would , being served by a blind person . ",service,"it, surreal experience, profound, live, few hours, blind person, being served, blind person",blind person,environment,"['environmental', 'surroundings', 'ambience', 'atmosphere', 'eco-friendly']"
ss232,"it is a surreal experience and profound in that you live for a few hours as a blind person would , being served by a blind person . ",service,"it, surreal experience, profound, live, few hours, blind person, being served, blind person",blind person,price,"['pricey', 'costly', 'expensive', 'high-priced', 'exorbitant']"
ss232,"it is a surreal experience and profound in that you live for a few hours as a blind person would , being served by a blind person . ",service,"it, surreal experience, profound, live, few hours, blind person, being served, blind person",being served,products,"['alternative1: served with products', 'alternative2: procured for consumption', 'alternative3: offered as goods', 'alternative4: dispensed in product form', 'alternative5: provided as merchandise. Output format: served with products', 'procured for consumption', 'offered as goods', 'dispensed in product form', 'provided as merchandise.']"
ss232,"it is a surreal experience and profound in that you live for a few hours as a blind person would , being served by a blind person . ",service,"it, surreal experience, profound, live, few hours, blind person, being served, blind person",being served,environment,"['phrase1: ""surrounded by"" phrase2: ""immersed in"" phrase3: ""enveloped by"" phrase4: ""infused with the environment"" phrase5: ""处于大自然的怀抱中"" Output format: phrase1', 'phrase2', 'phrase3', 'phrase4', 'phrase5']"
ss232,"it is a surreal experience and profound in that you live for a few hours as a blind person would , being served by a blind person . ",service,"it, surreal experience, profound, live, few hours, blind person, being served, blind person",being served,price,"['pricey', 'costly', 'expensive', 'high-tide', ""exorbitant Note: The phrases provided are more suitable for expressing 'price' rather than 'service'. They maintain natural fit in the sentence context and convey a sense of cost or value.""]"
ss232,"it is a surreal experience and profound in that you live for a few hours as a blind person would , being served by a blind person . ",service,"it, surreal experience, profound, live, few hours, blind person, being served, blind person",blind person,products,"['product', 'merchandise', 'goods', 'offerings', 'wares']"
ss232,"it is a surreal experience and profound in that you live for a few hours as a blind person would , being served by a blind person . ",service,"it, surreal experience, profound, live, few hours, blind person, being served, blind person",blind person,environment,"['environmental', 'surroundings', 'ambience', 'atmosphere', 'eco-friendly']"
ss232,"it is a surreal experience and profound in that you live for a few hours as a blind person would , being served by a blind person . ",service,"it, surreal experience, profound, live, few hours, blind person, being served, blind person",blind person,price,"['pricey', 'costly', 'expensive', 'high-priced', 'exorbitant']"
ss349,"rude , unprofessional and disrespectful . ",service,"rude, unprofessional, disrespectful",rude,products,"['phrase1: excellent', 'phrase2: wonderful', 'phrase3: amazing', 'phrase4: fantastic', 'phrase5: great']"
ss349,"rude , unprofessional and disrespectful . ",service,"rude, unprofessional, disrespectful",rude,environment,"['phrase1: ""rude"" (service)', 'phrase2: ""uncouth"" (manners)', 'phrase3: ""off-putting"" (attractiveness)', 'phrase4: ""impolite"" (manners)', 'phrase5: ""inhospitable"" (welcoming atmosphere)']"
ss349,"rude , unprofessional and disrespectful . ",service,"rude, unprofessional, disrespectful",rude,price,"['pricey', 'costly', 'expensive', 'high-end', 'premium']"
ss349,"rude , unprofessional and disrespectful . ",service,"rude, unprofessional, disrespectful",unprofessional,products,"['alternative1', 'alternative2', 'alternative3', 'alternative4', 'alternative5']"
ss349,"rude , unprofessional and disrespectful . ",service,"rude, unprofessional, disrespectful",unprofessional,environment,"['alternative1', 'alternative2', 'alternative3', 'environment-friendly', 'sustainable', 'eco-conscious']"
ss349,"rude , unprofessional and disrespectful . ",service,"rude, unprofessional, disrespectful",unprofessional,price,"['price-conscious', 'cost-effective', 'budget-friendly', 'affordable', 'money-saving']"
ss349,"rude , unprofessional and disrespectful . ",service,"rude, unprofessional, disrespectful",disrespectful,products,"['alternative1', 'alternative2', 'alternative3', 'alternative4', 'alternative5']"
ss349,"rude , unprofessional and disrespectful . ",service,"rude, unprofessional, disrespectful",disrespectful,environment,"['phrase1: respectful', 'considerate', 'polite', 'courteous', 'well-mannered phrase2: eco-friendly', 'sustainable', 'green', 'environmentally-conscious', 'nature-friendly phrase3: tidy', 'organized', 'clean', 'spotless', 'hygienic phrase4: harmonious', 'in sync', 'balanced', 'agreeable', 'comfortable phrase5: beautiful', 'stunning', 'breathtaking', 'lovely', 'charming']"
ss349,"rude , unprofessional and disrespectful . ",service,"rude, unprofessional, disrespectful",disrespectful,price,"['pricey', 'costly', 'expensive', 'high-priced', 'exorbitant']"
ss457,employees have horrible attitudes ! ,service,"employees, horrible attitudes",employees,products,"['phrase1: ""products"" (shifts focus from service to the offerings)', 'phrase2: ""merchandise"" (implies a collection of goods for sale)', 'phrase3: ""offerings"" (refers to what is provided or sold)', 'phrase4: ""wares"" (implies physical items that can be bought)', 'phrase5: ""commodities"" (refers to goods that are interchangeable and have standard features)']"
ss457,employees have horrible attitudes ! ,service,"employees, horrible attitudes",employees,environment,"['phrase1: ""environmental attitudes', 'phrase2: ""atmosphere of service', 'phrase3: ""facility-oriented behaviors', 'phrase4: ""surrounding employee demeanor', 'phrase5: ""space-generated interactions']"
ss457,employees have horrible attitudes ! ,service,"employees, horrible attitudes",employees,price,"['price-conscious', 'budget-friendly', 'affordable', 'cost-effective', 'money-saving']"
ss457,employees have horrible attitudes ! ,service,"employees, horrible attitudes",horrible attitudes,products,"['phrase1: outstanding products', 'phrase2: superb merchandise', 'phrase3: incredible goods', 'phrase4: fantastic offerings', 'phrase5: great product line']"
ss457,employees have horrible attitudes ! ,service,"employees, horrible attitudes",horrible attitudes,environment,"['phrase1: excellent attitudes', 'phrase2: wonderful environment', 'phrase3: amazing work culture', 'phrase4: fantastic employee dedication', 'phrase5: great atmosphere and teamwork']"
ss457,employees have horrible attitudes ! ,service,"employees, horrible attitudes",horrible attitudes,price,"['price-friendly', 'affordable', 'cost-effective', 'budget-conscious', 'money-saving']"
ss251,extremely quick response to an appointment request and was able to groom our dog the very next day . ,service,"extremely quick, response, appointment request, groomed dog, very next day",extremely quick,products,"['productive', 'efficient', 'effective', 'timely', 'punctual Output format: phrase1', 'phrase2', 'phrase3', 'phrase4', 'phrase5 Example: phrase1: productive', 'phrase2: efficient', 'phrase3: effective', 'phrase4: timely', 'phrase5: punctual']"
ss251,extremely quick response to an appointment request and was able to groom our dog the very next day . ,service,"extremely quick, response, appointment request, groomed dog, very next day",extremely quick,environment,"['phrase1: ""promptly responsive', 'phrase2: ""efficient and timely', 'phrase3: ""swift and immediate', 'phrase4: ""quick to action', 'phrase5: ""hurried but effective']"
ss251,extremely quick response to an appointment request and was able to groom our dog the very next day . ,service,"extremely quick, response, appointment request, groomed dog, very next day",extremely quick,price,"['price-friendly', 'affordable', 'cost-effective', 'budget-conscious', 'money-saving']"
ss251,extremely quick response to an appointment request and was able to groom our dog the very next day . ,service,"extremely quick, response, appointment request, groomed dog, very next day",response,products,"['productive', 'high-quality', 'well-made', 'efficient', 'effective Output format: productive', 'high-quality', 'well-made', 'efficient', 'effective']"
ss251,extremely quick response to an appointment request and was able to groom our dog the very next day . ,service,"extremely quick, response, appointment request, groomed dog, very next day",response,environment,"['response', 'environment', 'setting', 'atmosphere', 'climate']"
ss251,extremely quick response to an appointment request and was able to groom our dog the very next day . ,service,"extremely quick, response, appointment request, groomed dog, very next day",response,price,"['pricey', 'costly', 'expensive', 'high-end', 'premium']"
ss251,extremely quick response to an appointment request and was able to groom our dog the very next day . ,service,"extremely quick, response, appointment request, groomed dog, very next day",appointment request,products,"['product inquiry', 'merchandise request', 'goods inquiry', 'item purchase', 'product acquisition']"
ss251,extremely quick response to an appointment request and was able to groom our dog the very next day . ,service,"extremely quick, response, appointment request, groomed dog, very next day",appointment request,environment,"['phrase1: appointment scheduling', 'phrase2: request for an appointment', 'phrase3: scheduling a visit', 'phrase4: arranging a consultation', 'phrase5: planning a meeting']"
ss251,extremely quick response to an appointment request and was able to groom our dog the very next day . ,service,"extremely quick, response, appointment request, groomed dog, very next day",appointment request,price,"['pricey', 'costly', 'expensive', 'high-priced', 'exorbitant']"
ss251,extremely quick response to an appointment request and was able to groom our dog the very next day . ,service,"extremely quick, response, appointment request, groomed dog, very next day",groomed dog,products,"['phrase1: ""top-notch grooming services', 'phrase2: ""exceptional dog care products', 'phrase3: ""amazingly efficient pet grooming solutions', 'phrase4: ""fantastic range of dog grooming kits and supplies', 'phrase5: ""great quality pet grooming products for your furry friend']"
ss251,extremely quick response to an appointment request and was able to groom our dog the very next day . ,service,"extremely quick, response, appointment request, groomed dog, very next day",groomed dog,environment,"['phrase1: ""well-groomed environment', 'phrase2: ""clean and tidy surroundings', 'phrase3: ""attractive and comfortable setting', 'phrase4: ""spacious and visually appealing environment', 'phrase5: ""impressive and restful surroundings']"
ss251,extremely quick response to an appointment request and was able to groom our dog the very next day . ,service,"extremely quick, response, appointment request, groomed dog, very next day",groomed dog,price,"['pricey', 'costly', 'expensive', 'high-end', 'luxurious Output format: ""pricey', 'costly', 'expensive', 'high-end', 'luxurious']"
ss251,extremely quick response to an appointment request and was able to groom our dog the very next day . ,service,"extremely quick, response, appointment request, groomed dog, very next day",very next day,products,"['phrase1: delivered promptly', 'phrase2: arrived on time', 'phrase3: was made available fast', 'phrase4: reached us without delay', 'phrase5: shipped out early']"
ss251,extremely quick response to an appointment request and was able to groom our dog the very next day . ,service,"extremely quick, response, appointment request, groomed dog, very next day",very next day,environment,"['phrase1: ""promptly the next day', 'phrase2: ""early in the following morning', 'phrase3: ""right after the scheduled time', 'phrase4: ""immediately upon availability', 'phrase5: ""shortly after the initial contact']"
ss251,extremely quick response to an appointment request and was able to groom our dog the very next day . ,service,"extremely quick, response, appointment request, groomed dog, very next day",very next day,price,"['price-friendly', 'affordable', 'budget-conscious', 'cost-effective', 'money-saving']"
ss486,our order was wrong as well as missing items . ,service,"our order, wrong, missing items",our order,products,"['phrase1: ""our order of products"" phrase2: ""the merchandise in our order"" phrase3: ""the items we received as part of our order"" phrase4: ""the product line in our order"" phrase5: ""the complete set of goods in our order"" Output format: phrase1', 'phrase2', 'phrase3', 'phrase4', 'phrase5']"
ss486,our order was wrong as well as missing items . ,service,"our order, wrong, missing items",our order,environment,"['phrase1: ""our order\'s presentation"" phrase2: ""the setup of our delivery"" phrase3: ""the visual aspect of our order"" phrase4: ""the eye-catching display of our items"" phrase5: ""the aesthetics of our order"" Output format: phrase1', 'phrase2', 'phrase3', 'phrase4', 'phrase5']"
ss486,our order was wrong as well as missing items . ,service,"our order, wrong, missing items",our order,price,"['price-conscious', 'cost-effective', 'budget-friendly', 'affordable', 'inexpensive Output format: price-conscious', 'cost-effective', 'budget-friendly', 'affordable', 'inexpensive']"
ss486,our order was wrong as well as missing items . ,service,"our order, wrong, missing items",wrong,products,"['phrase1: ""imperfect but satisfactory"" phrase2: ""not up to par', 'but deliverable"" phrase3: ""good enough for the intended use"" phrase4: ""serviceable', 'not luxurious but functional"" phrase5: ""adequate', 'not exceptional but sufficient']"
ss486,our order was wrong as well as missing items . ,service,"our order, wrong, missing items",wrong,environment,"['phrase1: incorrect', 'inaccurate', 'off', 'mistimed', 'defective phrase2: substandard', 'low-quality', 'shoddy', 'makeshift', 'unsatisfactory phrase3: flawed', 'blemished', 'marred', 'damaged', 'imperfect phrase4: out of order', 'disorganized', 'chaotic', 'messy', 'unordered phrase5: not as advertised', 'deceptive', 'misleading', 'false', 'fallacious']"
ss486,our order was wrong as well as missing items . ,service,"our order, wrong, missing items",wrong,price,"['pricey', 'costly', 'expensive', 'high-priced', 'overpriced']"
ss486,our order was wrong as well as missing items . ,service,"our order, wrong, missing items",missing items,products,"['phrase1: ""缺失的产品', 'phrase2: ""未送达的货品', 'phrase3: ""遗漏的物件', 'phrase4: ""缺少的清单', 'phrase5: ""未完成的配送']"
ss486,our order was wrong as well as missing items . ,service,"our order, wrong, missing items",missing items,environment,"['phrase1: ""environmental issues"" phrase2: ""sustainability concerns"" phrase3: ""ecological blunders"" phrase4: ""greenroom mishaps"" phrase5: ""waste and conservation dilemmas"" Output format: phrase1', 'phrase2', 'phrase3', 'phrase4', 'phrase5']"
ss486,our order was wrong as well as missing items . ,service,"our order, wrong, missing items",missing items,price,"['pricey', 'costly', 'expensive items', 'high prices', 'overpriced']"
ss303,"service exceptional . continuously filling waters , etc . ",service,"service exceptional, continuously filling waters, etc.",service exceptional,products,"['phrase1: ""outstanding products', 'phrase2: ""amazing goods', 'phrase3: ""superb offerings', 'phrase4: ""exceptional wares', 'phrase5: ""stellar products']"
ss303,"service exceptional . continuously filling waters , etc . ",service,"service exceptional, continuously filling waters, etc.",service exceptional,environment,"['phrase1: ""environmentally friendly service', 'phrase2: ""sustainable and eco-conscious operation', 'phrase3: ""green and carbon-neutral delivery', 'phrase4: ""clean and energy-efficient support', 'phrase5: ""eco-friendly and nature-preserving service']"
ss303,"service exceptional . continuously filling waters , etc . ",service,"service exceptional, continuously filling waters, etc.",service exceptional,price,"['price-friendly', 'affordable', 'cost-effective', 'budget-conscious', 'money-saving']"
ss303,"service exceptional . continuously filling waters , etc . ",service,"service exceptional, continuously filling waters, etc.",continuously filling waters,products,"['phrase1: ""top-notch products', 'phrase2: ""amazingly designed goods', 'phrase3: ""outstanding merchandise', 'phrase4: ""fantastic offerings from the company', 'phrase5: ""great products that consistently impress']"
ss303,"service exceptional . continuously filling waters , etc . ",service,"service exceptional, continuously filling waters, etc.",continuously filling waters,environment,"['phrase1: ""fountains elegantly cascading', 'phrase2: ""ponds serenely reflecting surroundings', 'phrase3: ""water features gracefully flowing', 'phrase4: ""bubbling brooks adding a tranquil touch', 'phrase5: ""lustrous lakes enhancing the natural environment']"
ss303,"service exceptional . continuously filling waters , etc . ",service,"service exceptional, continuously filling waters, etc.",continuously filling waters,price,"['price-friendly', 'affordable', 'cost-effective', 'budget-conscious', 'money-saving']"
ss303,"service exceptional . continuously filling waters , etc . ",service,"service exceptional, continuously filling waters, etc.",etc.,products,"[""alternative phrases for 'products' instead of 'service': outstanding products"", 'superior merchandise', 'premium goods', 'high-quality wares', 'elite offerings incredible product line', 'remarkable assortment', 'extraordinary range', 'stunning merchandise', 'captivating goods impressive products', 'noteworthy offerings', 'notable merchandise', 'substantial wares', 'significant goods innovative product features', 'cutting-edge merchandise', 'avant-garde goods', 'trailblazing wares', 'pioneering offerings exclusive product collection', 'private merchandise', 'confidential goods', 'restricted wares', 'member-only offerings']"
ss303,"service exceptional . continuously filling waters , etc . ",service,"service exceptional, continuously filling waters, etc.",etc.,environment,"['phrase1: continuously filling waters', 'maintaining cleanliness phrase2: eco-friendly practices', 'sustainable management phrase3: well-maintained facilities', 'clean environment phrase4: top-notch service', 'attention to detail phrase5: harmonious blend of nature and infrastructure']"
ss303,"service exceptional . continuously filling waters , etc . ",service,"service exceptional, continuously filling waters, etc.",etc.,price,"['price-friendly', 'affordable', 'cost-effective', 'budget-conscious', 'money-saving']"
